date_of_interest,CASE_COUNT,HOSPITALIZED_COUNT,DEATH_COUNT,BK_CASE_COUNT,BK_HOSPITALIZED_COUNT,BK_DEATH_COUNT,BK_CASE_COUNT_7DAY_AVG,BK_HOSPITALIZED_COUNT_7DAY_AVG,BK_DEATH_COUNT_7DAY_AVG,Concentration SARS-CoV-2 gene target (N1 Copies/L) ,Per capita SARS-CoV-2 load (N1 copies per day per population),Annotation,MTW Status
2/29/2020,1,1,0,0,1,0,0,0,0,,,,Non-matching
3/1/2020,0,1,0,0,0,0,0,0,0,,,,Non-matching
3/2/2020,0,2,0,0,2,0,0,0,0,,,,Non-matching
3/3/2020,1,7,0,0,3,0,0,0,0,,,,Non-matching
3/4/2020,5,2,0,1,1,0,0,0,0,,,,Non-matching
3/5/2020,3,14,0,3,3,0,0,0,0,,,,Non-matching
3/6/2020,8,8,0,1,1,0,1,2,0,,,,Non-matching
3/7/2020,7,8,0,2,3,0,1,2,0,,,,Non-matching
3/8/2020,21,18,0,5,8,0,2,3,0,,,,Non-matching
3/9/2020,57,37,0,16,11,0,4,4,0,,,,Non-matching
3/10/2020,69,60,0,11,13,0,6,6,0,,,,Non-matching
3/11/2020,155,79,1,31,12,0,10,7,0,,,,Non-matching
3/12/2020,355,105,0,96,33,0,23,12,0,,,,Non-matching
3/13/2020,619,151,0,166,44,0,47,18,0,,,,Non-matching
3/14/2020,642,176,2,163,40,1,70,23,0,,,,Non-matching
3/15/2020,1034,210,4,432,53,0,131,29,0,,,,Non-matching
3/16/2020,2121,339,8,740,92,1,234,41,0,,,,Non-matching
3/17/2020,2452,383,8,783,98,4,344,53,1,,,,Non-matching
3/18/2020,2971,492,20,965,123,6,478,69,2,,,,Non-matching
3/19/2020,3706,632,24,1204,159,6,636,87,3,,,,Non-matching
3/20/2020,4007,734,47,1136,222,11,775,112,4,,,,Non-matching
3/21/2020,2639,732,44,554,183,12,831,133,6,,,,Non-matching
3/22/2020,2580,772,49,755,206,10,877,155,7,,,,Non-matching
3/23/2020,3570,1133,82,909,296,27,901,184,11,,,,Non-matching
3/24/2020,4497,1296,95,1212,361,23,962,221,14,,,,Non-matching
3/25/2020,4874,1420,124,1255,424,37,1004,264,18,,,,Non-matching
3/26/2020,5044,1529,187,1372,489,50,1028,312,24,,,,Non-matching
3/27/2020,5119,1567,217,1426,473,75,1069,347,33,,,,Non-matching
3/28/2020,3479,1378,272,863,396,77,1113,378,43,,,,Non-matching
3/29/2020,3560,1502,290,1149,464,89,1169,415,54,,,,Non-matching
3/30/2020,6129,1848,323,1754,557,106,1290,452,65,,,,Non-matching
3/31/2020,5458,1781,386,1512,544,127,1333,478,80,,,,Non-matching
4/1/2020,5449,1735,447,1590,515,135,1381,491,94,,,,Non-matching
4/2/2020,5746,1659,499,1610,446,171,1415,485,111,,,,Non-matching
4/3/2020,5670,1698,499,1440,449,144,1417,482,121,,,,Non-matching
4/4/2020,3866,1439,511,920,378,165,1425,479,134,,,,Non-matching
4/5/2020,3781,1391,578,1144,403,165,1424,470,145,,,,Non-matching
4/6/2020,6353,1738,576,1461,475,169,1382,459,154,,,,Non-matching
4/7/2020,6044,1576,598,1397,466,180,1366,447,161,,,,Non-matching
4/8/2020,5575,1535,568,1305,455,171,1325,439,166,,,,Non-matching
4/9/2020,5070,1336,558,1369,417,188,1291,435,169,,,,Non-matching
4/10/2020,4510,1284,537,1145,330,178,1249,418,174,,,,Non-matching
4/11/2020,3732,1036,544,1131,297,160,1279,406,173,,,,Non-matching
4/12/2020,2887,944,573,703,255,201,1216,385,178,,,,Non-matching
4/13/2020,3311,1146,567,1066,327,157,1159,364,176,,,,Non-matching
4/14/2020,4144,975,507,1038,264,152,1108,335,172,,,,Non-matching
4/15/2020,3876,858,456,882,245,133,1048,305,167,,,,Non-matching
4/16/2020,3530,778,413,885,230,126,979,278,158,,,,Non-matching
4/17/2020,3586,780,384,962,231,118,952,264,150,,,,Non-matching
4/18/2020,2172,576,390,575,155,116,873,244,143,,,,Non-matching
4/19/2020,2343,532,399,635,124,118,863,225,131,,,,Non-matching
4/20/2020,3792,622,362,983,187,95,851,205,123,,,,Non-matching
4/21/2020,3062,581,323,896,161,92,831,190,114,,,,Non-matching
4/22/2020,3446,511,311,854,139,107,827,175,110,,,,Non-matching
4/23/2020,2841,440,330,786,126,106,813,160,107,,,,Non-matching
4/24/2020,2535,461,314,630,128,93,766,146,104,,,,Non-matching
4/25/2020,1595,319,265,404,94,77,741,137,98,,,,Non-matching
4/26/2020,1003,310,245,332,76,61,698,130,90,,,,Non-matching
4/27/2020,2290,366,270,607,92,86,644,117,89,,,,Non-matching
4/28/2020,2726,348,229,709,92,57,617,107,84,,,,Non-matching
4/29/2020,2340,307,237,683,94,71,593,100,79,,,,Non-matching
4/30/2020,2022,250,223,600,74,65,566,93,73,,,,Non-matching
5/1/2020,1887,258,210,497,66,56,547,84,68,,,,Non-matching
5/2/2020,1058,201,189,263,53,45,527,78,63,,,,Non-matching
5/3/2020,787,215,177,245,58,45,515,76,61,,,,Non-matching
5/4/2020,1550,238,157,461,73,42,494,73,54,,,,Non-matching
5/5/2020,1512,212,151,432,66,49,454,69,53,,,,Non-matching
5/6/2020,1397,210,151,450,62,38,421,65,49,,,,Non-matching
5/7/2020,1238,175,141,403,53,46,393,62,46,,,,Non-matching
5/8/2020,1079,166,131,344,52,43,371,60,44,,,,Non-matching
5/9/2020,657,120,99,119,38,28,351,57,42,,,,Non-matching
5/10/2020,457,104,102,188,36,26,342,54,39,,,,Non-matching
5/11/2020,1231,180,103,410,50,32,335,51,37,,,,Non-matching
5/12/2020,1285,110,90,400,38,33,331,47,35,,,,Non-matching
5/13/2020,1333,127,83,362,46,23,318,45,33,,,,Non-matching
5/14/2020,1110,142,70,332,39,14,308,43,28,,,,Non-matching
5/15/2020,873,126,86,259,43,27,296,41,26,,,,Non-matching
5/16/2020,485,90,84,165,30,24,302,40,26,,,,Non-matching
5/17/2020,360,81,77,138,18,19,295,38,25,,,,Non-matching
5/18/2020,895,110,59,266,28,17,275,35,22,,,,Non-matching
5/19/2020,1003,113,55,327,38,16,264,35,20,,,,Non-matching
5/20/2020,1077,79,79,323,32,21,259,33,20,,,,Non-matching
5/21/2020,1069,84,44,336,32,15,259,32,20,,,,Non-matching
5/22/2020,1036,100,66,350,33,15,272,30,18,,,,Non-matching
5/23/2020,455,74,60,143,23,20,269,29,18,,,,Non-matching
5/24/2020,467,86,48,161,22,12,272,30,17,,,,Non-matching
5/25/2020,464,79,47,160,20,14,257,29,16,,,,Non-matching
5/26/2020,1050,75,36,313,21,11,255,26,15,,,,Non-matching
5/27/2020,741,76,48,242,19,10,244,24,14,,,,Non-matching
5/28/2020,646,79,38,219,26,12,227,23,13,,,,Non-matching
5/29/2020,638,85,43,161,23,16,200,22,14,,,,Non-matching
5/30/2020,346,54,53,101,18,10,194,21,12,,,,Non-matching
5/31/2020,230,60,39,84,17,11,183,21,12,,,,Non-matching
6/1/2020,686,81,34,250,34,10,196,23,11,,,,Non-matching
6/2/2020,570,62,37,178,23,6,176,23,11,,,,Non-matching
6/3/2020,515,73,43,131,28,13,161,24,11,,,,Non-matching
6/4/2020,517,73,33,127,28,10,147,24,11,,,,Non-matching
6/5/2020,402,54,27,131,17,6,143,24,9,,,,Non-matching
6/6/2020,247,37,34,58,10,11,137,22,10,,,,Non-matching
6/7/2020,197,54,25,52,18,6,132,23,9,,,,Non-matching
6/8/2020,447,61,39,111,20,13,113,21,9,,,,Non-matching
6/9/2020,419,65,30,119,23,6,104,21,9,,,,Non-matching
6/10/2020,363,63,32,99,17,11,100,19,9,,,,Non-matching
6/11/2020,363,50,21,113,15,4,98,17,8,,,,Non-matching
6/12/2020,409,52,22,122,21,6,96,18,8,,,,Non-matching
6/13/2020,196,35,15,50,11,4,95,18,7,,,,Non-matching
6/14/2020,180,46,23,53,14,6,95,17,7,,,,Non-matching
6/15/2020,380,52,20,103,22,4,94,18,6,,,,Non-matching
6/16/2020,419,61,16,132,23,5,96,18,6,,,,Non-matching
6/17/2020,356,50,20,115,15,6,98,17,5,,,,Non-matching
6/18/2020,378,57,15,112,16,4,98,17,5,,,,Non-matching
6/19/2020,361,45,15,91,23,3,94,18,5,,,,Non-matching
6/20/2020,203,26,17,46,10,3,93,18,4,,,,Non-matching
6/21/2020,172,43,22,55,16,6,93,18,4,,,,Non-matching
6/22/2020,402,48,18,110,16,5,94,17,5,,,,Non-matching
6/23/2020,381,44,17,95,17,4,89,16,4,,,,Non-matching
6/24/2020,381,53,18,101,19,6,87,17,4,,,,Non-matching
6/25/2020,298,42,15,81,10,4,83,16,4,,,,Non-matching
6/26/2020,317,33,17,95,14,3,83,15,4,,,,Non-matching
6/27/2020,206,42,12,70,20,7,87,16,5,,,,Non-matching
6/28/2020,201,32,11,57,11,1,87,15,4,,,,Non-matching
6/29/2020,437,47,16,127,21,4,89,16,4,,,,Non-matching
6/30/2020,441,44,11,127,17,2,94,16,4,,,,Non-matching
7/1/2020,395,38,9,121,12,3,97,15,3,,,,Non-matching
7/2/2020,416,46,16,127,14,3,103,16,3,,,,Non-matching
7/3/2020,234,30,11,72,14,3,100,16,3,,,,Non-matching
7/4/2020,120,30,5,23,8,3,93,14,3,,,,Non-matching
7/5/2020,155,28,8,53,5,1,93,13,3,,,,Non-matching
7/6/2020,431,54,7,142,18,2,95,13,2,,,,Non-matching
7/7/2020,461,47,6,123,6,2,94,11,2,,,,Non-matching
7/8/2020,437,34,13,121,12,2,94,11,2,,,,Non-matching
7/9/2020,391,46,5,104,11,4,91,11,2,,,,Non-matching
7/10/2020,306,44,5,90,17,1,94,11,2,,,,Non-matching
7/11/2020,259,34,8,73,14,2,101,12,2,,,,Non-matching
7/12/2020,223,26,4,55,10,2,101,13,2,,,,Non-matching
7/13/2020,483,49,13,123,15,1,98,12,2,,,,Non-matching
7/14/2020,402,43,10,111,9,4,97,13,2,,,,Non-matching
7/15/2020,440,43,12,150,21,2,101,14,2,,,,Non-matching
7/16/2020,411,34,6,90,7,1,99,13,2,,,,Non-matching
7/17/2020,413,49,9,106,14,0,101,13,2,,,,Non-matching
7/18/2020,216,26,9,58,6,4,99,12,2,,,,Non-matching
7/19/2020,176,38,7,41,11,3,97,12,2,,,,Non-matching
7/20/2020,401,38,8,85,11,4,92,11,3,,,,Non-matching
7/21/2020,340,24,6,79,9,3,87,11,2,,,,Non-matching
7/22/2020,329,40,6,96,14,1,79,10,2,,,,Non-matching
7/23/2020,308,32,7,84,7,3,78,10,3,,,,Non-matching
7/24/2020,298,40,5,68,12,1,73,10,3,,,,Non-matching
7/25/2020,153,36,10,35,12,2,70,11,2,,,,Non-matching
7/26/2020,140,25,7,40,6,4,70,10,3,,,,Non-matching
7/27/2020,312,37,3,78,11,1,69,10,2,,,,Non-matching
7/28/2020,313,37,12,106,18,1,72,11,2,,,,Non-matching
7/29/2020,287,30,4,73,12,1,69,11,2,,,,Non-matching
7/30/2020,274,36,4,99,15,2,71,12,2,,,,Non-matching
7/31/2020,262,33,3,80,8,1,73,12,2,,,,Non-matching
8/1/2020,189,27,6,58,15,3,76,12,2,,,,Non-matching
8/2/2020,135,33,2,38,9,2,76,13,2,,,,Non-matching
8/3/2020,348,38,2,93,12,0,78,13,1,,,,Non-matching
8/4/2020,187,32,4,49,12,1,70,12,1,,,,Non-matching
8/5/2020,298,38,5,90,14,0,72,12,1,,,,Non-matching
8/6/2020,288,34,5,86,12,2,71,12,1,,,,Non-matching
8/7/2020,255,23,2,90,9,0,72,12,1,,,,Non-matching
8/8/2020,160,20,4,57,8,1,72,11,1,,,,Non-matching
8/9/2020,133,27,3,48,9,0,73,11,1,,,,Non-matching
8/10/2020,312,41,5,75,14,1,71,11,1,,,,Non-matching
8/11/2020,263,25,4,82,9,1,75,11,1,,,,Non-matching
8/12/2020,320,30,1,114,7,0,79,10,1,,,,Non-matching
8/13/2020,276,38,3,86,13,2,79,10,1,,,,Non-matching
8/14/2020,277,38,2,80,11,0,77,10,1,,,,Non-matching
8/15/2020,151,23,4,33,7,1,74,10,1,,,,Non-matching
8/16/2020,140,21,5,49,5,1,74,9,1,,,,Non-matching
8/17/2020,333,33,5,96,5,1,77,8,1,,,,Non-matching
8/18/2020,283,39,1,66,9,0,75,8,1,,,,Non-matching
8/19/2020,257,35,1,69,14,1,68,9,1,,,,Non-matching
8/20/2020,227,36,7,56,8,3,64,8,1,,,,Non-matching
8/21/2020,252,31,3,75,9,0,63,8,1,,,,Non-matching
8/22/2020,136,27,6,36,6,2,64,8,1,,,,Non-matching
8/23/2020,150,22,3,55,7,0,65,8,1,,,,Non-matching
8/24/2020,297,36,8,85,9,1,63,9,1,,,,Non-matching
8/25/2020,283,40,3,84,14,2,66,10,1,,,,Non-matching
8/26/2020,313,27,6,117,14,0,73,10,1,,,,Non-matching
8/27/2020,274,31,1,99,9,0,79,10,1,,,,Non-matching
8/28/2020,280,22,4,78,9,0,79,10,1,,,,Non-matching
8/29/2020,128,22,2,38,9,1,79,10,1,,,,Non-matching
8/30/2020,186,20,4,62,5,1,80,10,1,,,,Non-matching
8/31/2020,315,42,1,118,14,0,85,11,1,304,168551.56,Concentration below Method Limit of Quantification (above Method Limit of Detection),Matching
9/1/2020,294,20,3,89,9,0,86,10,0,,,,Non-matching
9/2/2020,271,28,4,94,14,2,83,10,1,,,Analytical issue,Matching
9/3/2020,273,18,3,91,7,2,81,10,1,,,,Non-matching
9/4/2020,230,31,5,71,8,1,80,9,1,,,,Non-matching
9/5/2020,156,22,3,46,10,3,82,10,1,,,,Non-matching
9/6/2020,207,31,7,87,15,2,85,11,1,,,"Concentration below Method Limit of Detection - No signal in 1 out of 3 RT-qPCR wells, result is obtained by averaging signal from the two remaining RT-qPCR wells",Matching
9/7/2020,217,20,0,75,7,0,79,10,1,,,,Non-matching
9/8/2020,393,26,2,126,8,1,84,10,2,43278,18246846.79,,Matching
9/9/2020,353,31,2,119,11,0,88,9,1,,,,Non-matching
9/10/2020,323,25,3,124,9,1,93,10,1,,,,Non-matching
9/11/2020,313,31,4,111,9,2,98,10,1,,,,Non-matching
9/12/2020,202,11,4,51,3,0,99,9,1,,,,Non-matching
9/13/2020,263,17,3,118,8,2,103,8,1,16954,8182822.51,This sample was analyzed in duplicate. The higher of the 2 results is reported,Matching
9/14/2020,461,32,5,178,15,2,118,9,1,,,,Non-matching
9/15/2020,415,30,3,189,6,0,127,9,1,1370,600528.29,,Matching
9/16/2020,456,46,6,200,24,0,139,11,1,,,,Non-matching
9/17/2020,441,33,4,163,13,1,144,11,1,,,,Non-matching
9/18/2020,292,36,3,108,15,2,144,12,1,,,,Non-matching
9/19/2020,216,21,5,65,6,2,146,12,1,,,,Non-matching
9/20/2020,220,24,5,78,9,3,140,13,1,18543,8332566.57,,Matching
9/21/2020,558,29,3,264,13,1,152,12,1,,,,Non-matching
9/22/2020,497,34,3,209,12,3,155,13,2,271,124715.69,Concentration below Method Limit of Quantification (above Method Limit of Detection),Matching
9/23/2020,612,38,4,271,24,1,165,13,2,,,,Non-matching
9/24/2020,542,41,3,263,15,1,180,13,2,,,,Non-matching
9/25/2020,463,46,5,192,20,1,192,14,2,,,,Non-matching
9/26/2020,280,27,5,109,8,1,198,14,2,,,,Non-matching
9/27/2020,382,35,2,181,19,2,213,16,1,1714,874981.67,,Matching
9/28/2020,437,38,3,139,12,1,195,16,1,,,,Non-matching
9/29/2020,723,50,6,355,18,2,216,17,1,,,This result is not useable (because associated with contaminated method blank),Matching
9/30/2020,605,51,8,284,33,4,218,18,2,,,,Non-matching
10/1/2020,705,41,5,332,22,1,227,19,2,,,,Non-matching
10/2/2020,605,49,3,271,26,1,239,20,2,,,,Non-matching
10/3/2020,299,25,5,93,12,1,236,20,2,,,,Non-matching
10/4/2020,335,44,7,162,22,3,234,21,2,,,This result is not useable (because associated with contaminated method blank),Matching
10/5/2020,766,55,0,355,24,0,265,22,2,,,,Non-matching
10/6/2020,571,47,3,251,23,2,250,23,2,7238,3252567.31,,Matching
10/7/2020,541,45,4,223,22,1,241,22,1,,,,Non-matching
10/8/2020,525,47,5,217,20,3,225,21,2,,,,Non-matching
10/9/2020,524,54,2,184,29,0,212,22,1,,,,Non-matching
10/10/2020,314,38,4,96,18,0,213,23,1,,,,Non-matching
10/11/2020,281,49,7,115,20,2,206,22,1,1661,718641.23,,Matching
10/12/2020,515,51,8,223,29,1,187,23,1,,,,Non-matching
10/13/2020,588,49,5,224,18,3,183,22,1,13884,7009292.66,,Matching
10/14/2020,583,58,6,215,23,3,182,22,2,,,,Non-matching
10/15/2020,603,74,8,239,33,2,185,24,2,,,,Non-matching
10/16/2020,503,49,7,163,19,3,182,23,2,,,,Non-matching
10/17/2020,366,35,5,91,9,3,181,22,2,,,,Non-matching
10/18/2020,412,40,4,172,17,1,190,21,2,2615,1204084.9,Associated method blank contaminated; singal in the sample significantly higher than in the method blank,Matching
10/19/2020,626,68,7,204,26,6,187,21,3,,,,Non-matching
10/20/2020,601,72,5,214,33,2,185,23,3,2453,1088640.01,,Matching
10/21/2020,654,53,5,203,19,3,184,22,3,,,,Non-matching
10/22/2020,759,53,3,242,14,2,184,20,3,,,,Non-matching
10/23/2020,601,60,5,199,24,1,189,20,3,,,,Non-matching
10/24/2020,386,47,1,120,24,0,193,22,2,,,,Non-matching
10/25/2020,362,44,9,128,23,3,187,23,2,2615,1102519.97,,Matching
10/26/2020,695,55,4,221,13,2,190,21,2,,,,Non-matching
10/27/2020,742,46,9,237,25,3,193,20,2,2216,872894.95,,Matching
10/28/2020,783,44,4,231,16,3,197,20,2,,,,Non-matching
10/29/2020,621,59,4,192,22,2,190,21,2,,,,Non-matching
10/30/2020,654,59,10,192,18,4,189,20,2,,,,Non-matching
10/31/2020,403,47,4,117,18,2,188,19,3,,,,Non-matching
11/1/2020,501,54,12,231,19,9,203,19,4,2390,1206484.01,,Matching
11/2/2020,953,63,10,337,22,7,220,20,4,,,,Non-matching
11/3/2020,903,75,12,319,29,6,231,21,5,1145,489122.1,Sample processing method slightly different due to supply chain issues,Matching
11/4/2020,1113,68,9,312,28,7,243,22,5,,,,Non-matching
11/5/2020,1139,85,9,312,28,4,260,23,6,,,,Non-matching
11/6/2020,1037,63,10,238,20,2,267,23,5,,,,Non-matching
11/7/2020,845,60,13,224,12,5,282,23,6,,,,Non-matching
11/8/2020,788,64,8,224,20,3,281,23,5,10920,4725167.42,,Matching
11/9/2020,1545,78,5,418,28,1,292,24,4,,,,Non-matching
11/10/2020,1599,87,7,459,30,2,312,24,3,4755,1978308.46,,Matching
11/11/2020,1540,99,9,394,13,2,324,22,3,,,,Non-matching
11/12/2020,1501,78,16,383,21,6,334,21,3,,,,Non-matching
11/13/2020,1494,92,6,356,32,2,351,22,3,,,,Non-matching
11/14/2020,1025,100,9,238,32,5,353,25,3,,,,Non-matching
11/15/2020,896,90,14,232,26,6,354,26,3,1733,913366.27,Sample processing method slightly different due to supply chain issues,Matching
11/16/2020,1832,124,8,496,34,1,365,27,3,,,,Non-matching
11/17/2020,1730,101,10,493,29,3,370,27,4,3600,1857561.53,,Matching
11/18/2020,1753,119,10,468,40,4,381,31,4,,,,Non-matching
11/19/2020,1857,131,9,491,37,6,396,33,4,,,,Non-matching
11/20/2020,1773,134,7,435,40,2,408,34,4,,,,Non-matching
11/21/2020,1290,118,11,354,26,3,424,33,4,,,,Non-matching
11/22/2020,1148,114,10,340,39,1,440,35,3,5169,2179556.89,,Matching
11/23/2020,2317,148,13,575,39,7,451,36,4,,,,Non-matching
11/24/2020,2074,130,16,553,39,2,459,37,4,5950,2838755.15,,Matching
11/25/2020,2370,138,13,632,42,4,483,37,4,,,,Non-matching
11/26/2020,817,154,7,246,41,3,448,38,3,,,,Non-matching
11/27/2020,2298,157,15,603,45,3,472,39,3,,,,Non-matching
11/28/2020,1839,126,13,453,33,3,486,40,3,,,,Non-matching
11/29/2020,1891,166,15,562,44,3,518,40,4,37486,15804952.84,,Matching
11/30/2020,2895,187,18,899,41,4,564,41,3,,,,Non-matching
12/1/2020,3308,200,20,947,46,3,620,42,3,9945,5186350.97,,Matching
12/2/2020,3129,172,27,860,52,10,653,43,4,,,,Non-matching
12/3/2020,2945,215,18,847,59,4,739,46,4,,,,Non-matching
12/4/2020,2816,182,26,768,60,6,762,48,5,,,,Non-matching
12/5/2020,1887,177,23,506,43,6,770,49,5,,,,Non-matching
12/6/2020,1755,174,21,556,50,4,769,50,5,11944,6560056.93,,Matching
12/7/2020,3304,221,19,964,58,7,778,53,6,,,,Non-matching
12/8/2020,3059,222,22,922,70,8,775,56,6,52960,23504457.7,,Matching
12/9/2020,3106,272,27,913,79,9,782,60,6,,,,Non-matching
12/10/2020,3149,245,25,940,75,2,796,62,6,,,,Non-matching
12/11/2020,2980,245,30,837,63,8,805,63,6,,,,Non-matching
12/12/2020,2206,209,33,600,61,9,819,65,7,,,,Non-matching
12/13/2020,2176,225,26,645,58,5,832,66,7,29495,12926497.69,This sample was analyzed in duplicate. The higher of the 2 results is reported,Matching
12/14/2020,3580,263,30,1111,80,6,853,69,7,,,,Non-matching
12/15/2020,3681,236,32,1065,78,11,873,71,7,24437,11116504.12,,Matching
12/16/2020,2787,214,40,842,69,15,863,69,8,,,,Non-matching
12/17/2020,1926,228,35,649,71,7,821,69,9,,,,Non-matching
12/18/2020,3427,271,39,1024,79,13,848,71,9,,,,Non-matching
12/19/2020,2557,240,30,764,69,9,871,72,9,,,,Non-matching
12/20/2020,2346,243,30,768,83,5,889,76,9,10617,5242274.14,,Matching
12/21/2020,4338,330,41,1307,100,7,917,78,10,,,,Non-matching
12/22/2020,4102,285,53,1251,88,16,944,80,10,17494,7958104.35,,Matching
12/23/2020,3844,301,39,1098,115,13,980,86,10,,,,Non-matching
12/24/2020,3015,276,39,965,97,9,1025,90,10,,,,Non-matching
12/25/2020,1046,266,39,345,85,12,928,91,10,,,,Non-matching
12/26/2020,3454,264,37,1024,89,9,965,94,10,,,,Non-matching
12/27/2020,2889,243,45,915,90,16,986,95,12,14988,6485662.79,,Matching
12/28/2020,5391,349,43,1600,107,13,1028,96,13,,,,Non-matching
12/29/2020,5206,323,49,1414,88,14,1052,96,12,14243,8059313.49,,Matching
12/30/2020,4985,315,40,1398,96,16,1094,93,13,,,,Non-matching
12/31/2020,3393,283,41,936,91,21,1090,92,14,,,,Non-matching
1/1/2021,1342,298,35,415,82,16,1100,92,15,,,,Non-matching
1/2/2021,4201,326,57,1107,97,18,1112,93,16,,,,Non-matching
1/3/2021,3465,299,39,1065,96,11,1134,94,16,18720,9346942.43,,Matching
1/4/2021,6603,408,61,1894,140,24,1176,99,17,,,,Non-matching
1/5/2021,6157,350,66,1759,101,22,1225,100,18,17129,7601941.81,,Matching
1/6/2021,5685,379,59,1605,113,19,1254,103,19,,,,Non-matching
1/7/2021,5445,360,52,1640,111,18,1355,106,18,,,,Non-matching
1/8/2021,5301,354,60,1455,115,15,1504,110,18,,,,Non-matching
1/9/2021,3691,328,70,1008,94,20,1489,110,18,,,,Non-matching
1/10/2021,3199,308,52,1007,88,17,1481,109,19,12779,5813244.52,,Matching
1/11/2021,5915,402,58,1755,128,12,1461,107,18,,,,Non-matching
1/12/2021,5240,392,73,1618,125,30,1441,111,19,27725,11381955.03,,Matching
1/13/2021,5177,428,67,1534,129,22,1431,113,19,,,,Non-matching
1/14/2021,5259,430,65,1557,136,22,1419,116,20,,,,Non-matching
1/15/2021,4849,387,62,1402,129,10,1412,118,19,,,,Non-matching
1/16/2021,3481,369,66,1073,106,20,1421,120,19,,,,Non-matching
1/17/2021,2919,334,55,904,103,24,1406,122,20,21948,10836619.04,,Matching
1/18/2021,4645,443,73,1462,144,22,1364,125,21,,,,Non-matching
1/19/2021,5140,387,82,1475,117,28,1344,123,21,5998,2495806.81,,Matching
1/20/2021,4909,373,74,1353,108,27,1318,120,22,,,,Non-matching
1/21/2021,4940,416,63,1405,121,20,1296,118,22,,,,Non-matching
1/22/2021,4716,429,79,1324,128,31,1285,118,25,,,,Non-matching
1/23/2021,3462,323,78,1012,94,28,1276,116,26,,,,Non-matching
1/24/2021,2930,335,68,908,100,20,1277,116,25,5038,2124060.9,,Matching
1/25/2021,5816,404,65,1763,111,19,1320,111,25,,,,Non-matching
1/26/2021,4865,365,79,1420,100,30,1312,109,25,22948,9930145.89,,Matching
1/27/2021,5007,424,90,1505,133,30,1334,112,25,,,,Non-matching
1/28/2021,4794,392,86,1432,114,16,1338,111,25,,,,Non-matching
1/29/2021,3671,408,88,1099,128,26,1306,111,24,,,,Non-matching
1/30/2021,2877,269,79,875,77,27,1286,109,24,,,,Non-matching
1/31/2021,2894,305,73,883,98,27,1282,109,25,19159,7865396.52,,Matching
2/1/2021,980,287,64,344,83,22,1080,105,25,,,,Non-matching
2/2/2021,2659,400,77,873,141,30,1002,111,25,,,,Non-matching
2/3/2021,5146,437,76,1506,148,19,1002,113,24,,,,Non-matching
2/4/2021,4851,428,90,1388,142,26,995,117,25,,,,Non-matching
2/5/2021,4158,438,81,1245,137,32,1016,118,26,,,,Non-matching
2/6/2021,3080,357,77,900,92,26,1020,120,26,,,,Non-matching
2/7/2021,1645,310,78,567,103,18,975,121,25,22061,9546003.59,,Matching
2/8/2021,4431,389,81,1345,124,23,1118,127,25,,,,Non-matching
2/9/2021,3735,395,71,1090,107,25,1149,122,24,,,,Non-matching
2/10/2021,3778,356,78,1061,117,20,1085,117,24,,,,Non-matching
2/11/2021,3416,317,96,931,110,30,1020,113,25,,,,Non-matching
2/12/2021,3315,344,81,934,107,26,975,109,24,,,,Non-matching
2/13/2021,2209,278,82,671,73,25,943,106,24,,,,Non-matching
2/14/2021,1895,242,80,585,82,29,945,103,25,18012,7194712.24,,Matching
2/15/2021,2862,319,82,860,95,28,876,99,26,,,,Non-matching
2/16/2021,3724,351,85,1110,117,33,879,100,27,,,,Non-matching
2/17/2021,3436,291,80,1006,101,23,871,98,28,,,,Non-matching
2/18/2021,2049,260,54,591,78,20,822,93,26,,,,Non-matching
2/19/2021,3018,302,57,855,83,17,811,90,25,,,,Non-matching
2/20/2021,2494,294,69,681,88,19,813,92,24,,,,Non-matching
2/21/2021,2286,269,59,792,85,15,842,92,22,17149,8467080.98,,Matching
2/22/2021,3626,348,74,1117,116,27,879,95,22,,,,Non-matching
2/23/2021,3472,327,73,1073,110,20,874,94,20,,,,Non-matching
2/24/2021,3464,352,79,1023,107,22,876,95,20,,,,Non-matching
2/25/2021,3480,290,72,1027,86,21,938,96,20,,,,Non-matching
2/26/2021,3242,328,71,943,100,15,951,99,20,,,,Non-matching
2/27/2021,2018,239,65,625,69,28,943,96,21,,,,Non-matching
2/28/2021,2037,243,69,733,86,23,934,96,22,16971,7155273.05,,Matching
3/1/2021,3726,320,62,1174,85,22,943,92,22,,,,Non-matching
3/2/2021,3108,273,53,936,81,15,923,88,21,,,,Non-matching
3/3/2021,3244,305,71,956,91,14,913,85,20,,,,Non-matching
3/4/2021,3118,295,60,935,100,14,900,87,19,,,,Non-matching
3/5/2021,2887,255,54,888,70,18,892,83,19,,,,Non-matching
3/6/2021,2043,239,56,594,66,13,888,83,17,,,,Non-matching
3/7/2021,1876,246,60,595,71,22,868,81,17,18013,7694473.36,,Matching
3/8/2021,3399,294,67,1106,73,16,859,79,16,,,,Non-matching
3/9/2021,3343,280,71,1086,73,18,880,78,16,,,,Non-matching
3/10/2021,3205,279,62,958,95,19,880,78,17,,,,Non-matching
3/11/2021,3105,289,56,964,99,20,884,78,18,,,,Non-matching
3/12/2021,3205,289,72,937,91,26,891,81,19,,,,Non-matching
3/13/2021,2174,220,62,627,66,22,896,81,20,,,,Non-matching
3/14/2021,1926,250,40,644,82,15,903,83,19,18314,7111977.65,,Matching
3/15/2021,3394,292,44,1063,83,17,897,84,20,,,,Non-matching
3/16/2021,3195,248,64,986,79,19,883,85,20,,,,Non-matching
3/17/2021,3175,276,45,941,100,8,880,86,18,,,,Non-matching
3/18/2021,2922,302,59,857,101,17,865,86,18,,,,Non-matching
3/19/2021,3044,257,45,902,84,8,860,85,15,,,,Non-matching
3/20/2021,2161,261,49,660,88,16,865,88,14,,,,Non-matching
3/21/2021,2093,269,50,710,93,13,874,90,14,3480,1467301.66,,Matching
3/22/2021,3882,325,54,1215,99,19,896,92,14,,,,Non-matching
3/23/2021,3255,282,54,1026,92,16,902,94,14,,,,Non-matching
3/24/2021,3452,289,41,1048,97,13,917,93,15,,,,Non-matching
3/25/2021,3798,309,70,1147,107,24,958,94,16,,,,Non-matching
3/26/2021,3416,310,64,999,104,23,972,97,18,,,,Non-matching
3/27/2021,2221,264,52,632,88,17,968,97,18,,,,Non-matching
3/28/2021,1750,208,57,574,61,15,949,93,18,10481,5116567.33,,Matching
3/29/2021,3558,302,48,1043,100,12,924,93,17,,,,Non-matching
3/30/2021,3185,264,42,938,84,15,912,92,17,,,,Non-matching
3/31/2021,3185,290,61,959,104,24,899,93,19,,,,Non-matching
4/1/2021,2867,264,57,861,102,18,858,92,18,,,,Non-matching
4/2/2021,2622,264,54,847,89,23,836,90,18,,,,Non-matching
4/3/2021,2050,235,48,638,78,18,837,88,18,,,,Non-matching
4/4/2021,1466,215,47,497,67,13,826,89,18,14230,5683885.96,,Matching
4/5/2021,3271,268,54,1039,88,11,826,87,17,,,,Non-matching
4/6/2021,3005,226,46,933,74,15,825,86,17,,,,Non-matching
4/7/2021,2764,219,42,868,75,9,812,82,15,,,,Non-matching
4/8/2021,2576,218,54,813,73,20,805,78,16,,,,Non-matching
4/9/2021,2467,206,54,803,52,26,799,72,16,,,,Non-matching
4/10/2021,1724,190,48,564,61,13,788,70,15,,,,Non-matching
4/11/2021,1315,161,53,462,51,21,783,68,16,7827,4385840.34,,Matching
4/12/2021,2536,203,41,853,58,16,757,63,17,,,,Non-matching
4/13/2021,2365,205,36,774,70,13,734,63,17,,,,Non-matching
4/14/2021,2242,192,35,722,67,11,713,62,17,,,,Non-matching
4/15/2021,2016,219,42,640,66,11,688,61,16,,,,Non-matching
4/16/2021,1830,197,30,595,76,14,659,64,14,,,,Non-matching
4/17/2021,1276,164,35,411,59,17,637,64,15,,,,Non-matching
4/18/2021,1050,166,35,357,68,17,622,66,14,8295,3405362.07,,Matching
4/19/2021,1885,177,42,641,58,15,591,66,14,,,,Non-matching
4/20/2021,1607,154,33,518,61,13,555,65,14,,,,Non-matching
4/21/2021,1423,116,35,513,43,12,525,62,14,,,,Non-matching
4/22/2021,1359,161,41,489,50,18,503,59,15,,,,Non-matching
4/23/2021,1288,151,46,438,51,11,481,56,15,,,,Non-matching
4/24/2021,854,102,29,308,30,10,466,52,14,,,,Non-matching
4/25/2021,754,119,24,270,36,6,454,47,12,6364,3071391.22,,Matching
4/26/2021,1373,146,31,498,50,16,433,46,12,,,,Non-matching
4/27/2021,1137,115,31,390,45,10,415,44,12,6701,2713812.38,,Matching
4/28/2021,1210,127,29,418,45,12,402,44,12,,,,Non-matching
4/29/2021,1053,117,31,392,44,8,388,43,10,,,,Non-matching
4/30/2021,950,93,38,322,33,14,371,40,11,,,,Non-matching
5/1/2021,578,76,31,190,23,10,354,39,11,,,,Non-matching
5/2/2021,568,72,30,220,22,13,347,37,12,3528,1487597.9,,Matching
5/3/2021,936,89,23,316,29,6,321,34,10,,,,Non-matching
5/4/2021,876,96,28,297,46,10,308,35,10,,,,Non-matching
5/5/2021,778,81,26,243,25,8,283,32,10,,,,Non-matching
5/6/2021,785,82,27,268,22,10,265,29,10,,,,Non-matching
5/7/2021,715,73,36,225,29,10,251,28,10,,,,Non-matching
5/8/2021,384,63,24,121,25,12,241,28,10,,,,Non-matching
5/9/2021,343,61,26,106,18,9,225,28,9,4400,2172663.8,,Matching
5/10/2021,654,70,28,207,17,9,210,26,10,,,,Non-matching
5/11/2021,628,70,21,216,18,6,198,22,9,3537,1432506.61,,Matching
5/12/2021,594,63,18,196,25,8,191,22,9,,,,Non-matching
5/13/2021,516,65,24,147,22,7,174,22,9,,,,Non-matching
5/14/2021,487,69,28,145,14,9,163,20,9,,,,Non-matching
5/15/2021,292,41,10,94,21,3,159,19,7,,,,Non-matching
5/16/2021,280,40,16,99,19,7,158,19,7,2473,1015163.65,,Matching
5/17/2021,453,72,16,151,22,7,150,20,7,,,,Non-matching
5/18/2021,415,52,14,138,16,5,139,20,7,4286,1735649.2,,Matching
5/19/2021,377,57,14,129,21,7,129,19,6,,,,Non-matching
5/20/2021,397,65,14,134,31,6,127,21,6,,,,Non-matching
5/21/2021,349,52,13,115,11,5,123,20,6,,,,Non-matching
5/22/2021,233,35,17,81,13,5,121,19,6,,,,Non-matching
5/23/2021,187,46,11,63,19,3,116,19,5,1796,677365.16,,Matching
5/24/2021,355,35,10,105,9,6,109,17,5,,,,Non-matching
5/25/2021,305,41,6,102,19,1,104,18,5,1002,411402.42,,Matching
5/26/2021,249,33,4,81,12,0,97,16,4,,,,Non-matching
5/27/2021,257,45,9,62,11,3,87,13,3,,,,Non-matching
5/28/2021,210,35,12,67,16,3,80,14,3,,,,Non-matching
5/29/2021,126,25,9,32,4,3,73,13,3,,,,Non-matching
5/30/2021,118,27,8,34,14,5,69,12,3,652,495195.34,,Matching
5/31/2021,119,17,12,35,2,2,59,11,2,,,,Non-matching
6/1/2021,289,33,12,59,14,8,53,10,3,616,232340.76,,Matching
6/2/2021,244,44,11,70,15,4,51,11,4,,,,Non-matching
6/3/2021,206,29,10,62,15,4,51,11,4,,,,Non-matching
6/4/2021,225,25,7,66,10,2,51,11,4,,,,Non-matching
6/5/2021,143,16,6,44,3,3,53,10,4,,,,Non-matching
6/6/2021,130,24,5,35,8,2,53,10,4,841,340680.54,,Matching
6/7/2021,222,32,6,64,12,0,57,11,3,,,,Non-matching
6/8/2021,176,35,10,55,7,3,57,10,3,1090,816492.77,,Matching
6/9/2021,211,23,9,58,9,5,55,9,3,,,,Non-matching
6/10/2021,156,25,6,46,8,1,53,8,2,,,,Non-matching
6/11/2021,189,24,7,44,6,2,49,8,2,,,,Non-matching
6/12/2021,121,21,5,28,4,1,47,8,2,,,,Non-matching
6/13/2021,115,30,6,35,12,1,47,8,2,1265,512222.01,,Matching
6/14/2021,182,25,7,54,12,4,46,8,2,,,,Non-matching
6/15/2021,179,25,6,37,8,3,43,8,2,582,252048.99,Concentration below Method Limit of Quantification (above Method Limit of Detection),Matching
6/16/2021,173,23,7,46,5,2,41,8,2,,,,Non-matching
6/17/2021,188,29,9,52,9,3,42,8,2,,,,Non-matching
6/18/2021,160,19,8,59,7,3,44,8,2,,,,Non-matching
6/19/2021,107,13,11,29,2,3,45,8,3,,,,Non-matching
6/20/2021,96,25,5,33,10,4,44,8,3,,,Concentration below Method Limit of Detection,Matching
6/21/2021,168,29,3,40,9,0,42,7,3,,,,Non-matching
6/22/2021,171,34,7,50,7,2,44,7,2,4250,1957165.7,,Matching
6/23/2021,187,24,5,48,11,1,44,8,2,,,,Non-matching
6/24/2021,175,14,5,51,8,3,44,8,2,,,,Non-matching
6/25/2021,180,18,5,61,8,2,45,8,2,,,,Non-matching
6/26/2021,118,18,3,37,7,2,46,9,2,,,,Non-matching
6/27/2021,109,22,1,28,6,0,45,8,1,732,292291.38,,Matching
6/28/2021,206,26,6,49,8,1,46,8,2,,,,Non-matching
6/29/2021,213,21,4,53,8,2,47,8,2,1696,649336.78,This sample was analyzed in duplicate. The higher of the 2 results is reported,Matching
6/30/2021,226,21,4,75,7,2,51,7,2,,,,Non-matching
7/1/2021,204,31,4,63,10,2,52,8,2,,,,Non-matching
7/2/2021,232,35,6,60,13,0,52,8,1,,,,Non-matching
7/3/2021,146,21,6,41,5,2,53,8,1,,,,Non-matching
7/4/2021,124,23,3,32,9,2,53,9,2,,,,Non-matching
7/5/2021,187,15,2,62,5,0,55,8,1,,,,Non-matching
7/6/2021,364,24,3,125,8,1,65,8,1,1558,864522.97,,Matching
7/7/2021,402,23,2,147,9,0,76,8,1,,,,Non-matching
7/8/2021,369,24,2,110,8,0,82,8,1,,,,Non-matching
7/9/2021,371,36,2,111,8,1,90,7,1,,,,Non-matching
7/10/2021,238,20,2,63,6,1,93,8,1,,,,Non-matching
7/11/2021,272,27,4,79,6,2,100,7,1,1145,520774.41,,Matching
7/12/2021,477,24,4,176,10,0,116,8,1,,,,Non-matching
7/13/2021,457,26,3,152,7,1,120,8,1,2176,929640.24,,Matching
7/14/2021,549,46,2,185,13,2,125,8,1,,,,Non-matching
7/15/2021,553,28,5,171,9,1,134,8,1,,,,Non-matching
7/16/2021,557,37,5,183,17,0,144,10,1,,,,Non-matching
7/17/2021,340,37,6,109,8,0,151,10,1,,,,Non-matching
7/18/2021,395,38,2,141,19,1,160,12,1,2353,992079.77,,Matching
7/19/2021,813,53,5,276,19,3,174,13,1,,,,Non-matching
7/20/2021,711,53,4,233,21,2,185,15,1,,,No sample delivery due to logistical issue,Matching
7/21/2021,895,46,2,309,13,0,203,15,1,,,,Non-matching
7/22/2021,976,52,3,326,17,0,225,16,1,,,,Non-matching
7/23/2021,918,51,3,319,18,0,245,16,1,,,,Non-matching
7/24/2021,552,41,2,188,13,2,256,17,1,,,,Non-matching
7/25/2021,636,41,4,214,10,0,266,16,1,3097,1666356.68,This sample was analyzed in duplicate. The higher of the 2 results is reported,Matching
7/26/2021,1228,62,1,423,21,0,287,16,1,,,,Non-matching
7/27/2021,1199,71,5,406,23,1,312,16,0,,,Analytical issue,Matching
7/28/2021,1243,76,6,384,15,1,323,17,1,,,,Non-matching
7/29/2021,1290,76,7,444,21,1,340,17,1,,,,Non-matching
7/30/2021,1282,79,9,427,19,4,355,17,1,,,,Non-matching
7/31/2021,850,70,4,263,29,3,366,20,1,,,,Non-matching
8/1/2021,831,48,11,294,17,2,377,21,2,5723,2508113.78,This sample was analyzed in duplicate. The higher of the 2 results is reported,Matching
8/2/2021,1569,74,4,518,25,2,391,21,2,,,,Non-matching
8/3/2021,1585,99,2,489,28,0,403,22,2,7278,3028148.19,,Matching
8/4/2021,1614,88,8,522,38,5,422,25,2,,,,Non-matching
8/5/2021,1528,89,6,517,23,2,433,26,3,,,,Non-matching
8/6/2021,1577,114,12,520,40,5,446,29,3,,,,Non-matching
8/7/2021,1149,87,14,373,28,5,462,28,3,,,,Non-matching
8/8/2021,1072,99,6,321,25,2,466,30,3,15368,6991092.86,,Matching
8/9/2021,1894,129,9,626,45,3,481,32,3,,,,Non-matching
8/10/2021,1667,119,6,536,33,4,488,33,4,20209,7847897.41,,Matching
8/11/2021,1753,136,9,546,40,1,491,33,3,,,,Non-matching
8/12/2021,1758,123,6,578,37,1,500,35,3,,,,Non-matching
8/13/2021,1600,139,9,499,48,3,497,37,3,,,,Non-matching
8/14/2021,1049,92,10,348,29,4,493,37,3,,,,Non-matching
8/15/2021,1145,112,6,422,41,2,508,39,3,10774,4243807.94,,Matching
8/16/2021,1932,131,6,628,44,2,508,39,2,,,,Non-matching
8/17/2021,1745,136,15,595,41,4,517,40,2,5362,2082192.74,,Matching
8/18/2021,1814,109,13,555,34,4,518,39,3,,,,Non-matching
8/19/2021,1694,98,14,543,30,7,513,38,4,,,,Non-matching
8/20/2021,1561,123,6,505,34,3,514,36,4,,,,Non-matching
8/21/2021,1091,115,16,338,34,7,512,37,4,,,,Non-matching
8/22/2021,718,105,10,276,33,5,491,36,5,494,537308.4,Concentration below Method Limit of Quantification (above Method Limit of Detection) - This sample was analyzed in duplicate. The higher of the 2 results is reported,Matching
8/23/2021,1953,119,12,642,31,5,493,34,5,,,,Non-matching
8/24/2021,1837,108,11,613,39,3,496,34,5,10019,5780544.57,,Matching
8/25/2021,1787,108,8,570,32,4,498,33,5,,,,Non-matching
8/26/2021,1644,104,13,525,34,4,496,34,4,,,,Non-matching
8/27/2021,1452,108,10,464,36,4,490,34,5,,,,Non-matching
8/28/2021,986,84,14,296,26,7,484,33,5,,,,Non-matching
8/29/2021,990,93,13,343,29,7,493,32,5,2222,1059914.29,,Matching
8/30/2021,1840,120,13,583,37,4,485,33,5,,,,Non-matching
8/31/2021,1623,123,10,531,35,3,473,33,5,4425,2037377.21,,Matching
9/1/2021,1560,125,13,487,32,2,461,33,4,,,,Non-matching
9/2/2021,1432,93,11,478,23,3,455,31,4,,,,Non-matching
9/3/2021,1422,78,8,429,26,3,450,30,4,,,,Non-matching
9/4/2021,905,108,12,255,37,4,444,31,4,,,,Non-matching
9/5/2021,954,74,13,334,25,3,442,31,3,,,,Non-matching
9/6/2021,942,75,17,274,24,6,398,29,3,,,,Non-matching
9/7/2021,1571,111,7,434,33,2,384,29,3,9243,4614921.57,,Matching
9/8/2021,1593,98,21,466,29,9,381,28,4,,,,Non-matching
9/9/2021,1713,100,18,630,27,3,403,29,4,,,,Non-matching
9/10/2021,1548,99,15,504,30,6,414,29,5,,,,Non-matching
9/11/2021,1037,84,15,335,29,8,425,28,5,,,,Non-matching
9/12/2021,1213,88,11,504,30,2,450,29,5,4423,2085545.68,This sample was analyzed in duplicate. The higher of the 2 results is reported,Matching
9/13/2021,1739,104,12,633,35,4,501,30,5,,,,Non-matching
9/14/2021,1642,81,9,609,30,6,526,30,5,507,222168.55,Concentration below Method Limit of Quantification (above Method Limit of Detection),Matching
9/15/2021,1612,95,10,550,36,5,538,31,5,,,,Non-matching
9/16/2021,1387,83,11,451,20,2,512,30,5,,,,Non-matching
9/17/2021,1524,89,11,559,28,6,520,30,5,,,,Non-matching
9/18/2021,956,87,10,357,30,1,523,30,4,,,,Non-matching
9/19/2021,1057,69,16,464,25,9,518,29,5,4158,1799036.89,,Matching
9/20/2021,1642,99,16,545,28,7,505,28,5,,,,Non-matching
9/21/2021,1302,85,13,397,25,4,475,27,5,5887,2514814.92,,Matching
9/22/2021,1415,97,13,509,35,6,469,27,5,,,,Non-matching
9/23/2021,1292,99,12,513,42,2,478,30,5,,,,Non-matching
9/24/2021,1222,80,8,452,35,2,462,31,4,,,,Non-matching
9/25/2021,814,69,15,309,25,5,456,31,5,,,,Non-matching
9/26/2021,856,55,15,333,21,5,437,30,4,3593,1554907.49,,Matching
9/27/2021,1391,75,17,518,29,4,433,30,4,,,,Non-matching
9/28/2021,1118,66,13,355,20,5,427,30,4,4222,1944235.66,,Matching
9/29/2021,1097,64,13,369,24,3,407,28,4,,,,Non-matching
9/30/2021,1139,64,8,455,22,3,399,25,4,,,,Non-matching
10/1/2021,1087,81,8,408,29,2,392,24,4,,,,Non-matching
10/2/2021,681,63,12,280,18,4,388,23,4,,,,Non-matching
10/3/2021,907,63,12,458,28,4,406,24,4,8527,3500651.21,This sample was analyzed in duplicate. The higher of the 2 results is reported,Matching
10/4/2021,1271,78,12,512,30,3,405,24,3,,,,Non-matching
10/5/2021,1270,72,6,506,29,1,427,26,3,4858,2021379.48,,Matching
10/6/2021,1147,63,15,487,13,6,444,24,3,,,,Non-matching
10/7/2021,1080,62,13,406,13,2,437,23,3,,,,Non-matching
10/8/2021,1013,45,15,451,15,7,443,21,4,,,,Non-matching
10/9/2021,612,68,8,250,26,3,439,22,4,,,,Non-matching
10/10/2021,688,51,16,308,20,5,417,21,4,,,,Non-matching
10/11/2021,935,56,9,363,17,1,396,19,4,,,,Non-matching
10/12/2021,1144,48,3,463,14,1,390,17,4,3722,1631056.37,,Matching
10/13/2021,1111,73,9,410,27,2,379,19,3,,,,Non-matching
10/14/2021,1025,49,8,426,12,2,382,19,3,,,,Non-matching
10/15/2021,886,61,7,322,12,2,363,18,2,,,,Non-matching
10/16/2021,489,56,6,194,20,4,355,17,2,,,,Non-matching
10/17/2021,586,47,9,260,28,3,348,19,2,4378,1700074,,Matching
10/18/2021,874,58,11,364,20,5,348,19,3,,,,Non-matching
10/19/2021,798,50,10,314,17,3,327,19,3,2907,1128843.93,,Matching
10/20/2021,800,52,7,294,19,4,311,18,3,,,,Non-matching
10/21/2021,811,50,13,341,18,3,298,19,3,,,,Non-matching
10/22/2021,696,47,9,263,17,1,290,20,3,,,,Non-matching
10/23/2021,451,42,10,162,15,4,285,19,3,,,,Non-matching
10/24/2021,444,44,14,198,16,4,277,17,3,3623,1427031.92,,Matching
10/25/2021,896,35,9,363,13,5,276,16,3,,,,Non-matching
10/26/2021,597,43,7,238,19,2,266,17,3,1573,1448953.56,,Matching
10/27/2021,758,49,9,288,18,5,265,17,3,,,,Non-matching
10/28/2021,738,38,7,311,11,2,260,16,3,,,,Non-matching
10/29/2021,641,32,4,230,8,0,256,14,3,,,,Non-matching
10/30/2021,400,30,10,158,12,2,255,14,3,,,,Non-matching
10/31/2021,446,31,7,199,8,0,255,13,2,,,,Non-matching
11/1/2021,780,39,4,314,12,2,248,13,2,,,,Non-matching
11/2/2021,806,51,9,302,19,3,257,13,2,2185,994063.38,,Matching
11/3/2021,825,53,6,300,24,1,259,13,1,,,,Non-matching
11/4/2021,906,39,4,349,14,3,265,14,2,,,,Non-matching
11/5/2021,769,34,5,290,13,3,273,15,2,,,,Non-matching
11/6/2021,508,40,11,198,15,2,279,15,2,,,,Non-matching
11/7/2021,542,34,8,205,16,3,280,16,2,2751,1236016.45,,Matching
11/8/2021,1135,43,8,401,15,1,292,17,2,,,,Non-matching
11/9/2021,1037,34,12,358,9,5,300,15,3,,,,Non-matching
11/10/2021,1049,46,6,363,16,2,309,14,3,,,,Non-matching
11/11/2021,875,49,6,346,22,4,309,15,3,,,,Non-matching
11/12/2021,1028,42,14,372,17,6,320,16,3,,,,Non-matching
11/13/2021,614,43,5,241,20,3,327,16,3,,,,Non-matching
11/14/2021,687,39,6,258,17,1,334,17,3,4194,1814884.32,,Matching
11/15/2021,1263,48,9,428,9,3,338,16,3,,,,Non-matching
11/16/2021,1272,42,10,430,8,1,348,16,3,,,,Non-matching
11/17/2021,1329,51,7,432,17,1,358,16,3,,,,Non-matching
11/18/2021,1310,54,8,428,20,3,370,15,3,,,,Non-matching
11/19/2021,1184,51,8,353,18,2,367,16,2,,,,Non-matching
11/20/2021,826,47,10,279,17,3,373,15,2,,,,Non-matching
11/21/2021,840,42,4,293,14,1,378,15,2,4073,1694631.52,,Matching
11/22/2021,1528,56,6,517,15,3,390,16,2,,,,Non-matching
11/23/2021,1381,63,6,482,21,4,398,17,2,,,,Non-matching
11/24/2021,1416,68,12,460,17,6,402,17,3,,,,Non-matching
11/25/2021,531,68,8,189,26,3,368,18,3,,,,Non-matching
11/26/2021,1171,75,9,364,19,2,369,18,3,,,,Non-matching
11/27/2021,972,62,9,302,22,3,372,19,3,,,,Non-matching
11/28/2021,1060,57,9,318,16,1,376,19,3,10493,4249484.86,This sample was analyzed in duplicate. The higher of the 2 results is reported,Matching
11/29/2021,2328,83,10,661,31,5,397,22,3,,,,Non-matching
11/30/2021,2006,90,6,577,22,3,410,22,3,7320,3045804.73,,Matching
12/1/2021,2180,88,16,700,30,7,444,24,3,,,,Non-matching
12/2/2021,2109,89,15,629,34,6,507,25,4,,,,Non-matching
12/3/2021,1893,104,13,579,24,7,538,26,5,,,,Non-matching
12/4/2021,1321,84,10,382,30,4,549,27,5,,,,Non-matching
12/5/2021,1403,104,14,463,31,6,570,29,5,12664,6322843.89,,Matching
12/6/2021,2798,141,8,849,59,3,597,33,5,,,,Non-matching
12/7/2021,2922,133,15,895,39,4,642,35,5,9042,3611524.17,,Matching
12/8/2021,3136,139,7,982,50,1,683,38,4,,,,Non-matching
12/9/2021,3022,140,10,913,40,3,723,39,4,,,,Non-matching
12/10/2021,3088,166,16,983,50,7,781,43,4,,,,Non-matching
12/11/2021,2159,129,8,619,43,1,815,45,4,,,,Non-matching
12/12/2021,2795,138,17,870,46,7,873,47,4,21705,9030759.72,,Matching
12/13/2021,7528,197,21,2390,59,6,1093,47,4,,,,Non-matching
12/14/2021,10872,203,18,3419,65,6,1454,50,4,23593,8900079.31,,Matching
12/15/2021,13167,222,10,4123,74,1,1902,54,4,,,,Non-matching
12/16/2021,13863,333,13,4514,102,4,2417,63,5,,,,Non-matching
12/17/2021,13548,305,23,4275,77,12,2887,67,5,,,,Non-matching
12/18/2021,9948,288,18,3242,100,7,3262,75,6,,,,Non-matching
12/19/2021,10554,343,25,3434,107,12,3628,83,7,30733,11593751.25,,Matching
12/20/2021,27948,419,13,8929,149,9,4562,96,7,,,,Non-matching
12/21/2021,30404,459,11,9443,143,1,5423,107,7,,,,Non-matching
12/22/2021,31397,686,28,9451,195,12,6184,125,8,,,,Non-matching
12/23/2021,31812,687,23,9603,213,5,6911,141,8,,,,Non-matching
12/24/2021,17463,578,40,5570,207,18,7096,159,9,,,,Non-matching
12/25/2021,7794,609,33,2344,203,7,6968,174,9,,,,Non-matching
12/26/2021,22982,745,34,7214,262,11,7508,196,9,93309,35717613.09,,Matching
12/27/2021,51233,968,36,15025,323,10,8379,221,9,,,,Non-matching
12/28/2021,49660,867,38,14192,274,13,9057,240,11,,,,Non-matching
12/29/2021,50478,951,44,14288,297,17,9748,254,12,,,,Non-matching
12/30/2021,47428,1040,35,13477,327,17,10301,270,13,,,,Non-matching
12/31/2021,29113,831,56,8735,295,19,10754,283,13,,,,Non-matching
1/1/2022,12062,877,58,3538,264,17,10924,292,15,,,,Non-matching
1/2/2022,32486,1297,62,10139,369,19,11342,307,16,85083,40120921.8,,Matching
1/3/2022,54925,1130,68,16623,322,25,11570,307,18,,,,Non-matching
1/4/2022,49173,1019,76,13827,282,31,11518,308,21,56296,29357128.97,,Matching
1/5/2022,40218,1132,81,11183,366,23,11075,318,22,,,,Non-matching
1/6/2022,36360,957,93,10463,270,30,10644,310,23,,,,Non-matching
1/7/2022,23200,826,87,6870,265,24,10378,305,24,,,,Non-matching
1/8/2022,16187,762,97,4840,225,41,10564,300,28,,,,Non-matching
1/9/2022,14345,728,122,4689,226,47,9785,279,32,,,,Non-matching
1/10/2022,25022,925,110,7549,260,37,8489,271,33,50768,19433528.04,"Original RT-qPCR failed, RT-qPCR repeated",Matching
1/11/2022,18535,771,131,5551,252,44,7306,266,35,,,,Non-matching
1/12/2022,18433,764,120,5676,236,44,6520,248,38,44315,17209241.19,,Matching
1/13/2022,16092,732,126,5251,216,45,5775,240,40,,,,Non-matching
1/14/2022,13290,687,130,4115,208,40,5382,232,43,,,,Non-matching
1/15/2022,6758,515,100,2233,174,40,5009,225,42,,,,Non-matching
1/16/2022,6893,449,114,2413,133,49,4684,211,43,,,,Non-matching
1/17/2022,9823,542,107,3548,168,30,4112,198,42,16176,9781592.82,This sample was analyzed in duplicate. The higher of the 2 results is reported,Matching
1/18/2022,10919,511,118,3580,149,36,3831,183,41,,,,Non-matching
1/19/2022,9029,438,91,3002,133,28,3449,169,38,20302,7884208.36,,Matching
1/20/2022,7041,463,116,2315,156,35,3029,160,37,,,,Non-matching
1/21/2022,5797,397,107,1778,139,42,2696,150,37,,,,Non-matching
1/22/2022,3631,322,85,1200,95,37,2548,139,37,,,,Non-matching
1/23/2022,3397,281,101,1232,87,37,2379,132,35,,,,Non-matching
1/24/2022,6017,358,111,1997,99,42,2158,123,37,12160,4992200.37,,Matching
1/25/2022,4763,347,101,1604,119,37,1875,118,37,,,,Non-matching
1/26/2022,4199,282,109,1455,85,29,1654,111,37,8395,3350000,,Matching
1/27/2022,3634,277,79,1189,94,26,1494,103,36,,,,Non-matching
1/28/2022,2724,208,96,894,53,30,1367,90,34,,,,Non-matching
1/29/2022,512,139,76,140,48,28,1216,84,33,,,,Non-matching
1/30/2022,1425,144,86,488,52,32,1110,79,32,,,,Non-matching
1/31/2022,3111,210,85,906,72,34,954,75,31,5010,2030000,,Matching
2/1/2022,2239,177,70,757,60,20,833,66,28,,,,Non-matching
2/2/2022,2326,166,92,833,51,31,744,61,29,4987,2410000,,Matching
2/3/2022,2001,139,71,752,57,21,681,56,28,,,,Non-matching
2/4/2022,1538,153,50,495,43,11,624,55,25,,,,Non-matching
2/5/2022,946,116,51,298,33,12,647,53,23,,,,Non-matching
2/6/2022,867,105,53,263,26,21,615,49,21,3214,1690000,,Matching
2/7/2022,1602,104,37,529,33,18,561,43,19,,,,Non-matching
2/8/2022,1514,129,56,528,47,28,528,41,20,3132,1340000,,Matching
2/9/2022,1316,113,50,405,39,14,467,40,18,,,,Non-matching
2/10/2022,1224,88,40,402,34,14,417,36,17,,,,Non-matching
2/11/2022,983,108,43,317,34,11,392,35,17,,,,Non-matching
2/12/2022,635,69,33,214,23,7,380,34,16,,,,Non-matching
2/13/2022,457,57,43,153,11,17,364,32,16,3100,1440000,,Matching
2/14/2022,1016,79,22,357,27,10,339,31,14,,,,Non-matching
2/15/2022,940,71,24,299,28,5,307,28,11,2803,1150000,,Matching
2/16/2022,937,71,31,317,25,10,294,26,11,,,,Non-matching
2/17/2022,832,74,41,268,20,15,275,24,11,,,,Non-matching
2/18/2022,663,61,35,214,13,13,260,21,11,,,,Non-matching
2/19/2022,425,50,31,103,16,10,244,20,11,,,,Non-matching
2/20/2022,382,38,16,115,14,8,239,20,10,,,,Non-matching
2/21/2022,559,39,29,155,7,9,210,18,10,,,,Non-matching
2/22/2022,685,55,12,219,20,4,199,16,10,2130.61,934000,,Matching
2/23/2022,703,42,19,200,9,6,182,14,9,,,,Non-matching
2/24/2022,660,42,18,176,8,6,169,12,8,,,,Non-matching
2/25/2022,539,43,17,184,18,3,165,13,7,,,,Non-matching
2/26/2022,337,30,6,105,9,1,165,12,5,,,,Non-matching
2/27/2022,360,30,19,126,7,4,166,11,5,4612.45,1840000,,Matching
2/28/2022,707,51,6,197,15,1,172,12,4,,,,Non-matching
3/1/2022,611,44,19,181,11,3,167,11,3,597.92,219000,,Matching
3/2/2022,642,41,16,191,13,9,166,12,4,,,,Non-matching
3/3/2022,587,42,8,159,10,4,163,12,4,,,,Non-matching
3/4/2022,461,40,10,139,10,4,157,11,4,,,,Non-matching
3/5/2022,317,26,11,86,5,2,154,10,4,,,,Non-matching
3/6/2022,339,20,8,122,5,2,154,10,4,1306.89,537000,,Matching
3/7/2022,656,23,11,230,6,3,158,9,4,,,,Non-matching
3/8/2022,682,23,6,245,7,4,167,8,4,1480.02,567000,,Matching
3/9/2022,625,28,11,221,6,3,172,7,3,,,,Non-matching
3/10/2022,699,28,10,241,10,3,183,7,3,,,,Non-matching
3/11/2022,605,22,8,207,7,3,193,7,3,,,,Non-matching
3/12/2022,300,20,9,104,6,4,196,7,3,,,,Non-matching
3/13/2022,434,24,9,129,7,3,197,7,3,2977.65,1520000,,Matching
3/14/2022,901,34,15,328,7,3,211,7,3,,,,Non-matching
3/15/2022,848,29,10,313,8,1,220,7,3,1906.55,730000,,Matching
3/16/2022,872,24,9,275,5,1,228,7,3,,,,Non-matching
3/17/2022,753,29,4,246,9,1,229,7,2,,,,Non-matching
3/18/2022,803,33,6,238,8,2,233,7,2,,,,Non-matching
3/19/2022,448,22,5,132,5,3,237,7,2,,,,Non-matching
3/20/2022,654,25,8,211,11,2,249,8,2,3685.19,1700000,,Matching
3/21/2022,1311,26,3,399,9,2,259,8,2,,,,Non-matching
3/22/2022,1286,29,4,426,10,1,275,8,2,2693.01,986000,,Matching
3/23/2022,1269,22,4,403,6,0,294,8,2,,,,Non-matching
3/24/2022,1177,24,5,356,11,1,309,9,2,,,,Non-matching
3/25/2022,1095,39,5,333,10,0,323,9,1,,,,Non-matching
3/26/2022,679,25,6,230,4,1,337,9,1,,,,Non-matching
3/27/2022,777,22,6,268,8,3,345,8,1,809.62,332000,,Matching
3/28/2022,1512,32,5,437,7,2,350,8,1,,,,Non-matching
3/29/2022,1437,29,5,481,12,1,358,8,1,5022.61,2060000,,Matching
3/30/2022,1515,39,5,455,13,3,366,9,2,,,,Non-matching
3/31/2022,1509,43,3,447,8,1,379,9,2,,,,Non-matching
4/1/2022,1335,34,5,399,6,1,388,8,2,,,,Non-matching
4/2/2022,877,29,2,286,7,0,396,9,2,,,,Non-matching
4/3/2022,904,25,4,292,6,0,400,8,1,4606.16,1990000,,Matching
4/4/2022,2152,39,5,618,10,0,425,9,1,,,,Non-matching
4/5/2022,1975,49,4,629,24,2,447,11,1,9113.17,3940000,,Matching
4/6/2022,2096,43,3,649,16,1,474,11,1,,,,Non-matching
4/7/2022,2008,45,2,587,16,0,494,12,1,,,,Non-matching
4/8/2022,1885,47,3,550,14,1,516,13,1,,,,Non-matching
4/9/2022,1171,43,5,371,13,1,528,14,1,,,,Non-matching
4/10/2022,1190,43,8,343,7,2,535,14,1,7776.13,3280000,,Matching
4/11/2022,2593,59,2,765,15,0,556,15,1,,,,Non-matching
4/12/2022,2428,46,5,712,13,3,568,13,1,7188.88,2790000,,Matching
4/13/2022,2608,49,2,732,18,0,580,14,1,,,,Non-matching
4/14/2022,2305,49,8,638,15,2,587,14,1,,,,Non-matching
4/15/2022,2004,55,7,592,15,4,593,14,2,,,,Non-matching
4/16/2022,1204,40,3,350,12,1,590,14,2,,,,Non-matching
4/17/2022,966,50,4,289,9,1,583,14,2,5796.21,2190000,,Matching
4/18/2022,2349,58,3,663,20,2,568,15,2,,,,Non-matching
4/19/2022,2298,60,5,673,23,2,562,16,2,4819.03,3290000,This sample was analyzed in duplicate. The higher of the 2 results is reported,Matching
4/20/2022,2168,49,1,581,21,0,541,16,2,,,,Non-matching
4/21/2022,1998,62,5,614,13,3,537,16,2,,,,Non-matching
4/22/2022,1817,87,6,512,21,3,526,17,2,,,,Non-matching
4/23/2022,1410,57,3,462,15,2,542,17,2,,,,Non-matching
4/24/2022,1462,49,4,422,14,0,561,18,2,8430.07,3550000,,Matching
4/25/2022,2919,66,3,928,16,0,599,18,1,,,,Non-matching
4/26/2022,2944,70,7,828,13,2,621,16,1,10328.08,4180000,,Matching
4/27/2022,2790,90,5,831,26,1,657,17,2,,,,Non-matching
4/28/2022,2668,75,4,806,31,0,684,19,1,,,,Non-matching
4/29/2022,2787,77,3,829,19,0,729,19,1,,,,Non-matching
4/30/2022,1618,70,7,497,14,1,734,19,1,,,,Non-matching
5/1/2022,1876,62,4,564,19,2,755,20,1,6417.68,2630000,,Matching
5/2/2022,3892,68,5,1191,20,2,792,20,1,,,,Non-matching
5/3/2022,3776,92,5,1126,25,1,835,22,1,15729.42,7770000,This sample was analyzed in duplicate. The higher of the 2 results is reported,Matching
5/4/2022,3720,87,4,1116,29,0,876,22,1,,,,Non-matching
5/5/2022,3572,103,4,1079,23,1,915,21,1,,,,Non-matching
5/6/2022,3082,83,6,876,24,2,921,22,1,,,,Non-matching
5/7/2022,1854,77,7,523,22,3,925,23,2,,,,Non-matching
5/8/2022,1974,66,3,634,19,3,935,23,2,4737.1,2210000,,Matching
5/9/2022,4352,100,8,1265,27,5,946,24,2,,,,Non-matching
5/10/2022,4044,102,2,1333,23,0,975,24,2,9984.89,4430000,Lower PCR efficiency: 78%,Matching
5/11/2022,4083,102,11,1257,35,5,995,25,3,,,,Non-matching
5/12/2022,3994,99,9,1210,17,6,1014,24,3,,,,Non-matching
5/13/2022,3529,126,2,1078,43,1,1043,27,3,,,,Non-matching
5/14/2022,2434,104,12,733,36,2,1073,29,3,,,,Non-matching
5/15/2022,2237,84,9,748,18,4,1089,28,3,18391.71,8060000,Lower PCR efficiency: 74%,Matching
5/16/2022,4507,123,6,1401,33,1,1109,29,3,,,,Non-matching
5/17/2022,4155,119,7,1205,26,2,1090,30,3,15985.87,6560000,Lower PCR efficiency: 79%,Matching
5/18/2022,4259,109,8,1253,24,6,1090,28,3,,,,Non-matching
5/19/2022,3751,80,5,1143,22,2,1080,29,3,,,,Non-matching
5/20/2022,3437,127,9,1028,29,1,1073,27,3,,,,Non-matching
5/21/2022,2453,133,14,663,36,6,1063,27,3,,,,Non-matching
5/22/2022,2333,116,6,721,44,1,1059,31,3,6928,3650000,Lower PCR efficiency: 78%,Matching
5/23/2022,4703,136,10,1405,42,5,1060,32,3,,,,Non-matching
5/24/2022,3957,105,14,1175,47,6,1055,35,4,13917,5640000,,Matching
5/25/2022,3885,135,11,1199,49,4,1048,38,4,,,,Non-matching
5/26/2022,3307,119,7,997,30,4,1027,40,4,,,,Non-matching
5/27/2022,2959,91,8,879,28,2,1006,39,4,,,,Non-matching
5/28/2022,2006,70,8,566,20,4,992,37,4,,,,Non-matching
5/29/2022,1788,86,12,599,37,2,974,36,4,,,,Non-matching
5/30/2022,1724,100,7,519,28,4,848,34,4,,,,Non-matching
5/31/2022,4281,121,6,1312,29,3,867,32,3,14463,5460000,,Matching
6/1/2022,3607,109,9,1116,37,3,855,30,3,,,,Non-matching
6/2/2022,3198,112,13,1010,29,5,857,30,3,,,,Non-matching
6/3/2022,2800,94,8,804,30,5,847,30,4,,,,Non-matching
6/4/2022,1774,66,10,532,22,1,842,30,3,,,,Non-matching
6/5/2022,1668,78,10,475,23,4,824,28,4,11427,4690000,,Matching
6/6/2022,3324,119,14,984,34,4,890,29,4,,,,Non-matching
6/7/2022,2911,92,6,900,30,1,832,29,3,12737,5370000,This sample was analyzed in duplicate. The higher of the 2 results is reported,Matching
6/8/2022,2922,123,15,917,46,4,803,31,3,,,,Non-matching
6/9/2022,2537,113,12,788,40,5,771,32,3,,,,Non-matching
6/10/2022,2416,100,12,721,35,1,760,33,3,,,,Non-matching
6/11/2022,1460,89,13,412,34,4,742,35,3,,,,Non-matching
6/12/2022,1512,83,12,425,22,3,735,34,3,9083,4080000,,Matching
6/13/2022,3125,124,6,931,38,3,728,35,3,,,,Non-matching
6/14/2022,2866,116,4,878,28,1,725,35,3,18756,7910000,,Matching
6/15/2022,2833,129,4,904,42,1,723,34,3,,,,Non-matching
6/16/2022,2468,128,11,725,35,6,714,33,3,,,,Non-matching
6/17/2022,2443,112,9,701,30,3,711,33,3,,,,Non-matching
6/18/2022,1804,83,6,526,28,3,727,32,3,,,,Non-matching
6/19/2022,1576,94,3,440,35,1,729,34,3,,,,Non-matching
6/20/2022,2443,117,9,683,38,5,694,34,3,,,,Non-matching
6/21/2022,3663,139,12,1092,49,2,724,37,3,40937,17000000,This sample was analyzed in duplicate. The higher of the 2 results is reported,Matching
6/22/2022,3295,138,6,896,37,0,723,36,3,,,,Non-matching
6/23/2022,2946,115,11,851,32,3,741,36,2,,,,Non-matching
6/24/2022,2816,148,13,813,56,2,757,39,2,,,,Non-matching
6/25/2022,2066,106,11,604,28,4,768,39,2,,,,Non-matching
6/26/2022,2060,120,7,626,38,3,795,40,3,20363,7680000,,Matching
6/27/2022,3796,134,12,1123,27,4,858,38,3,,,,Non-matching
6/28/2022,3630,126,10,1155,36,3,867,36,3,9888,4220000,,Matching
6/29/2022,3601,142,9,1027,48,3,886,38,3,,,,Non-matching
6/30/2022,3149,163,8,879,39,5,890,39,3,,,,Non-matching
7/1/2022,3112,145,8,878,38,3,899,36,4,,,,Non-matching
7/2/2022,2215,121,9,572,21,5,894,35,4,,,,Non-matching
7/3/2022,2211,129,12,634,43,6,895,36,4,,,,Non-matching
7/4/2022,1735,119,12,427,32,5,796,37,4,,,,Non-matching
7/5/2022,5225,170,10,1501,44,7,845,38,5,30215,11200000,,Matching
7/6/2022,4351,182,6,1226,47,3,874,38,5,,,,Non-matching
7/7/2022,4229,192,8,1248,62,2,927,41,4,,,,Non-matching
7/8/2022,3813,165,4,1129,50,3,962,43,4,,,,Non-matching
7/9/2022,2550,138,12,759,51,2,989,47,4,,,,Non-matching
7/10/2022,2452,151,7,724,44,0,1002,47,3,24329,9180000,,Matching
7/11/2022,4980,203,5,1408,59,0,1142,51,2,,,,Non-matching
7/12/2022,4243,203,12,1253,57,4,1107,53,2,19225,7570000,This sample was analyzed in duplicate. The higher of the 2 results is reported,Matching
7/13/2022,3971,182,12,1180,47,3,1100,53,2,,,,Non-matching
7/14/2022,3901,182,11,1188,49,3,1092,51,2,,,,Non-matching
7/15/2022,3741,186,10,1163,43,2,1096,50,2,,,,Non-matching
7/16/2022,2355,156,6,631,37,1,1078,48,2,,,,Non-matching
7/17/2022,2386,156,18,684,54,0,1072,49,2,20367,7910000,,Matching
7/18/2022,4356,205,10,1258,67,2,1051,51,2,,,,Non-matching
7/19/2022,4074,197,11,1166,67,3,1039,52,2,27471,10400000,,Matching
7/20/2022,3827,195,14,1121,55,4,1030,53,2,,,,Non-matching
7/21/2022,3433,191,16,1004,49,6,1004,53,3,,,,Non-matching
7/22/2022,3210,158,17,955,47,5,974,54,3,,,,Non-matching
7/23/2022,2175,145,20,602,40,8,970,54,4,,,,Non-matching
7/24/2022,2028,130,13,597,34,5,958,51,5,17201,6970000,This sample was analyzed in duplicate. The higher of the 2 results is reported,Matching
7/25/2022,4282,202,18,1179,54,9,946,49,6,,,,Non-matching
7/26/2022,3879,170,12,1083,46,3,934,46,6,19135,7860000,,Matching
7/27/2022,3653,178,17,1074,38,5,928,44,6,,,,Non-matching
7/28/2022,3214,141,17,933,35,3,918,42,5,,,,Non-matching
7/29/2022,2903,150,16,829,40,5,900,41,5,,,,Non-matching
7/30/2022,1818,133,18,494,40,5,884,41,5,,,,Non-matching
7/31/2022,1933,139,13,567,43,5,880,42,5,17436,6770000,,Matching
8/1/2022,3851,165,13,1106,53,4,869,42,4,,,,Non-matching
8/2/2022,3536,168,15,1032,51,5,862,43,5,22741,8330000,,Matching
8/3/2022,3197,168,11,843,53,3,829,45,4,,,,Non-matching
8/4/2022,2956,154,15,845,42,3,817,46,4,,,,Non-matching
8/5/2022,2726,174,14,781,44,2,810,47,4,,,,Non-matching
8/6/2022,1677,111,16,429,30,7,800,45,4,,,,Non-matching
8/7/2022,1612,124,15,444,32,4,783,44,4,8844,3430000,,Matching
8/8/2022,3360,163,18,974,50,6,764,43,4,,,,Non-matching
8/9/2022,2725,165,17,746,43,2,723,42,4,13295,5020000,Low N1 standard curve efficiency (62%),Matching
8/10/2022,2546,150,11,796,46,3,716,41,4,,,,Non-matching
8/11/2022,2311,150,8,604,44,5,682,41,4,,,,Non-matching
8/12/2022,2008,144,12,601,46,2,656,42,4,,,,Non-matching
8/13/2022,1291,89,13,356,32,6,646,42,4,,,,Non-matching
8/14/2022,1308,108,15,375,26,4,636,41,4,13710,5480000,This sample was analyzed in duplicate. The higher of the 2 results is reported,Matching
8/15/2022,2638,147,15,773,47,4,607,41,4,,,,Non-matching
8/16/2022,2354,126,14,665,51,5,596,42,4,9349,3680000,,Matching
8/17/2022,2197,131,19,640,56,7,573,43,5,,,,Non-matching
8/18/2022,2096,114,13,607,41,3,574,43,4,,,,Non-matching
8/19/2022,1912,107,10,525,30,5,563,40,5,,,,Non-matching
8/20/2022,1243,91,18,336,25,4,560,39,5,,,,Non-matching
8/21/2022,1262,83,16,369,34,5,559,41,5,16349,6440000,Low N1 standard curve efficiency (68%),Matching
8/22/2022,2264,133,16,654,39,5,542,39,5,,,,Non-matching
8/23/2022,2030,111,10,545,27,3,525,36,5,10248,3980000,,Matching
8/24/2022,1900,128,14,562,37,3,514,33,4,,,,Non-matching
8/25/2022,1818,102,11,505,37,4,499,33,4,,,,Non-matching
8/26/2022,1679,118,19,467,33,8,491,33,5,,,,Non-matching
8/27/2022,1105,84,11,290,25,1,485,33,4,,,,Non-matching
8/28/2022,1110,76,13,324,18,3,478,31,4,,,,Non-matching
8/29/2022,2152,114,7,631,34,4,475,30,4,,,,Non-matching
8/30/2022,1830,120,12,520,36,3,471,31,4,,,,Non-matching
8/31/2022,1812,81,10,520,24,2,465,30,4,,,,Non-matching
9/1/2022,1631,90,9,454,26,2,458,28,3,,,,Non-matching
9/2/2022,1454,85,10,452,33,3,456,28,3,,,,Non-matching
9/3/2022,907,67,7,208,25,4,444,28,3,,,,Non-matching
9/4/2022,954,55,14,270,20,5,436,28,3,,,,Non-matching
9/5/2022,982,71,10,290,28,3,388,27,3,,,,Non-matching
9/6/2022,2011,86,6,586,24,2,397,26,3,,,,Non-matching
9/7/2022,1747,87,9,505,42,2,395,28,3,,,,Non-matching
9/8/2022,1596,76,11,488,26,4,400,28,3,,,,Non-matching
9/9/2022,1458,73,8,428,21,4,396,27,3,,,,Non-matching
9/10/2022,981,66,8,251,21,0,403,26,3,,,,Non-matching
9/11/2022,916,68,7,284,27,3,405,27,3,,,,Non-matching
9/12/2022,1899,27,2,570,8,0,445,24,2,,,,Non-matching
